Step,ElectorateID,Run_number,Belieftree,Affiliation
0,0,0,"[[0.10750166666666672, 0.6447284549101793, 0.3629436317674519], [-0.3114066666666666, 0.63156, 0.6370563682325481], [-0.18183777777777776, 0.57564, 0.25872674116093575], [0.10462166666666683, 0.62773, 0.17867469954632423], [-0.36939769609117334, 0.5859130449536125, 0.32629925534141146], [-0.06163666666666656, 0.63018, 0.23629930395132853], [0.092945, 0.55767, 0.05576412260993829], [0.05265372549019609, 0.6099114794402254, 0.06688290182981639], [-0.023112619047619076, 0.57561, 0.0718430072363544], [0.09372333333333327, 0.56234, 0.056231098514305404], [-0.5418056228310876, 0.60359, 0.13744038291126878], [-0.7364588825422631, 0.55691, 0.15519625788577252], [-0.5624909210402226, 0.59139, 0.1384585661588154], [-0.21325164723687462, 0.62546, 0.10064020470364277], [-0.406899343475043, 0.56245, 0.11631591939621384], [-0.19482635020570116, 0.64878, 0.10122753875387219]]",0
0,1,0,"[[0.11199333333333339, 0.6713168906233457, 0.35234491671348467], [-0.2943783333333334, 0.73373, 0.6476550832865152], [-0.15692777777777778, 0.7251, 0.2722842756750941], [0.11772666666666665, 0.70636, 0.18171264538707477], [-0.34884936275783995, 0.7014698159481982, 0.3242362701117627], [-0.05632333333333328, 0.66206, 0.22176680882606836], [0.11129500000000003, 0.66777, 0.060868461922326714], [0.06362205882352945, 0.675660118559401, 0.06696684150282489], [0.0027690476190476154, 0.7309, 0.07964456830849094], [0.11132333333333322, 0.66794, 0.0608839577345477], [-0.5273022894977542, 0.69061, 0.13321793039764196], [-0.7125722158755964, 0.70023, 0.15453542006523663], [-0.552310921040223, 0.65247, 0.13178159237536732], [-0.19823831390354119, 0.71554, 0.0999510858624118], [-0.3891043434750431, 0.66922, 0.11576184914377481], [-0.18730635020570108, 0.6939, 0.09638829268737718]]",1
0,2,0,"[[-0.040970000000000006, -0.23944544176240015, 0.41084389146369715], [-0.4430766666666667, -0.15846, 0.5891561085363028], [-0.3171194444444445, -0.23605, 0.13650609308388803], [-0.03993333333333335, -0.2396, 0.3362020891166649], [-0.5112210294245068, -0.20510997328316916, 0.5154349411173275], [-0.2014083333333333, -0.20845, 0.011856876682119492], [-0.039393333333333336, -0.23636, 0.07336853149248145], [-0.08571460784313725, -0.22012328808493395, 0.05008357424502316], [-0.152167619047619, -0.19872, 0.017340395132618515], [-0.027228333333333327, -0.16337, 0.050711698214277776], [-0.6835356228310875, -0.24679, 0.1626843035177834], [-0.8628338825422631, -0.20134, 0.24640125953656725], [-0.695489254373556, -0.2066, 0.18210739544343554], [-0.35892831390354135, -0.2486, 0.04109642768562035], [-0.536309343475043, -0.21401, 0.12005396614531116], [-0.33339801687236775, -0.18265, 0.056152448586881565]]",2
1,0,0,"[[0.017916944444444458, 0.6444603570930156, 0.36286202962236563], [-0.4685677777777778, 0.63156, 0.6371379703776344], [-0.3080840740740741, 0.57564, 0.25825534774681674], [0.017436944444444477, 0.62773, 0.17834915887643488], [-0.5364187943973876, 0.5843450172678568, 0.3275267206304423], [-0.17693944444444437, 0.63018, 0.23586877274630602], [0.015490833333333343, 0.55767, 0.0581842447369135], [0.06759915032679754, 0.6099114794402254, 0.058198535135491065], [-0.027661626984126903, 0.57561, 0.06474041450740685], [-0.1927127777777778, 0.56234, 0.08102888917994559], [-0.4677913670493397, 0.60359, 0.1149758594566084], [-0.9380336644604375, 0.55691, 0.1604306719781088], [-0.5168154975516008, 0.59139, 0.11892766054579497], [-0.43995340840236674, 0.62546, 0.11433540481016727], [-0.7849863585061734, 0.56245, 0.14460084723052258], [-0.13933959701930212, 0.648046392553179, 0.08457747241904115]]",0
1,1,0,"[[0.01866555555555556, 0.6705922989921393, 0.35212893446566224], [-0.4657297222222222, 0.73373, 0.6478710655343377], [-0.30393240740740746, 0.7251, 0.27176989741303137], [0.019621111111111103, 0.70636, 0.1813693679998761], [-0.5329940721751654, 0.6995312951060291, 0.3255128703564267], [-0.17605388888888884, 0.66206, 0.2213478642306659], [0.018549166666666672, 0.66777, 0.06326766729934258], [0.06942720588235311, 0.675660118559401, 0.05907842178790658], [-0.023348015873015788, 0.7309, 0.07350274371885769], [-0.1897794444444445, 0.66794, 0.0835862092851632], [-0.4653741448271175, 0.69061, 0.11265260836244027], [-0.9340525533493264, 0.70023, 0.15926359652931438], [-0.5151188308849343, 0.65247, 0.1137835046290459], [-0.43745118618014445, 0.71554, 0.11236093948461766], [-0.7820205251728403, 0.66922, 0.1414258415684829], [-0.13808626368596877, 0.6931203121164021, 0.08107846733482875]]",1
1,2,0,"[[-0.006828333333333332, -0.22790097910957488, 0.399679053542277], [-0.4905127777777778, -0.15846, 0.6003209464577229], [-0.33063101851851856, -0.23605, 0.1366823019623131], [-0.00665555555555556, -0.2396, 0.33663607555425945], [-0.5600560166196098, -0.20381968965924446, 0.5148094403530706], [-0.2002347222222222, -0.20845, 0.011872182130356854], [-0.006565555555555554, -0.23636, 0.08044165459541758], [0.04453776143790866, -0.22012328808493395, 0.09264702974890358], [-0.04917079365079356, -0.19872, 0.052351072417114446], [-0.21287138888888885, -0.16337, 0.017328415561221843], [-0.4914130337160064, -0.24679, 0.08563253838377081], [-0.9590961644604374, -0.20134, 0.265259500926758], [-0.5389818864404898, -0.2066, 0.11635333033163588], [-0.46423285284681115, -0.2486, 0.07548425946529469], [-0.8065546918395068, -0.21401, 0.2074257084349374], [-0.16243487479707988, -0.18245132138685036, 0.0070764901349456245]]",2
2,0,0,"[[0.0029861574074074113, 0.6441723622532352, 0.3627629327918029], [-0.4947612962962963, 0.63156, 0.6372370672081972], [-0.3291251234567902, 0.57564, 0.25774856534717466], [0.002906157407407413, 0.62773, 0.1779991788450508], [-0.5744293968576116, 0.5799075633673465, 0.3288463355975182], [-0.19615657407407402, 0.63018, 0.2354059202102564], [0.0025818055555555577, 0.55767, 0.06192034389881107], [0.18871750544662325, 0.6099114794402254, 0.04698438190329946], [0.07634210978836002, 0.57561, 0.055693563237242796], [-0.4279521296296297, 0.56234, 0.11046754342942479], [-0.19771440317166472, 0.60359, 0.08938587544935964], [-0.9488506195218043, 0.55691, 0.1679682910269649], [-0.27843731350420775, 0.59139, 0.09702963767526139], [-0.5426877555006182, 0.62546, 0.13030742045886162], [-0.9010766806684647, 0.56245, 0.16325707568465792], [-0.042097481835998124, 0.6464100890118126, 0.07698586723611667]]",0
2,1,0,"[[0.003110925925925925, 0.669869298617417, 0.35189285727586495], [-0.49428828703703703, 0.73373, 0.648107142724135], [-0.3284331790123457, 0.7251, 0.2713476032971077], [0.0032701851851851815, 0.70636, 0.18108754423041448], [-0.5738586098205746, 0.6940456354049164, 0.3265609332538484], [-0.19600898148148144, 0.66206, 0.22100391921862944], [0.003091527777777778, 0.66777, 0.06693543289939402], [0.18902218137254917, 0.675660118559401, 0.049006132065579806], [0.07706104497354524, 0.7309, 0.06584385583433067], [-0.4274632407407408, 0.66794, 0.11031091449862253], [-0.19731153280129438, 0.69061, 0.08941678520148871], [-0.9481871010032857, 0.70023, 0.16600133277301307], [-0.27815453572643, 0.65247, 0.09371712605251963], [-0.5422707184635811, 0.71554, 0.12666591211293154], [-0.9005823751129092, 0.66922, 0.15808455657271475], [-0.04188859294710923, 0.6912141978240498, 0.07401795198940533]]",1
2,2,0,"[[-0.0011380555555555553, -0.21822584113773308, 0.38971208628569903], [-0.4984187962962963, -0.15846, 0.6102879137143009], [-0.3328829475308642, -0.23605, 0.1341314321975339], [-0.0011092592592592604, -0.2396, 0.3303535153797751], [-0.5783689338946486, -0.2001776567914148, 0.5238644380447316], [-0.20003912037037033, -0.20845, 0.011650614377959561], [-0.0010942592592592592, -0.23636, 0.0740604008962685], [0.18487394063180845, -0.22012328808493395, 0.12749096840960328], [0.07275724867724893, -0.19872, 0.08545959053770276], [-0.43131189814814824, -0.16337, 0.08434668103940669], [-0.2016513476161092, -0.24679, 0.01420940711955244], [-0.9523610361884709, -0.20134, 0.23641741822045625], [-0.2821317116523559, -0.2066, 0.023776980140594442], [-0.5467343295746923, -0.2486, 0.09385109748543337], [-0.9046714028906869, -0.21401, 0.2174165274579045], [-0.04594669479896109, -0.1819598399728644, 0.04297092869307786]]",2
3,0,0,"[[0.0004976929012345684, 0.6438103610512648, 0.3626340648372544], [-0.4991268827160494, 0.63156, 0.6373659351627455], [-0.3326319650205762, 0.57564, 0.25665225601654534], [0.00048435956790123533, 0.62773, 0.17724207604469439], [-0.5958726513439188, 0.5779909499092347, 0.3317010247151062], [-0.19935942901234563, 0.63018, 0.23440464322365406], [0.0004303009259259264, 0.55767, 0.06666453388546127], [0.33939409404502563, 0.6099114794402254, 0.032362940822863784], [0.20891416115520295, 0.57561, 0.043869105548197944], [-0.635908688271605, 0.56234, 0.1433506808923055], [0.07121736675524926, 0.60359, 0.06368959983936676], [-0.9225863818433501, 0.55691, 0.17699732600656373], [-0.038856317597731754, 0.59139, 0.07539857096594996], [-0.6064275592862711, 0.6254789306000925, 0.14737501666800867], [-0.9415788653075801, 0.56245, 0.1799322327942768], [0.0582805573806706, 0.6448833927884032, 0.07035999257700569]]",0
3,1,0,"[[0.0005184876543209878, 0.6691253256268018, 0.35164202837709635], [-0.4990480478395062, 0.73373, 0.6483579716229037], [-0.3325166409465021, 0.7251, 0.2703335656852053], [0.0005450308641975301, 0.70636, 0.1804108123239394], [-0.5957775201710793, 0.6916613857055917, 0.32907760388114465], [-0.19933483024691354, 0.66206, 0.22017801810971063], [0.0005152546296296294, 0.66777, 0.07153301501491538], [0.3394448733660133, 0.675660118559401, 0.03604394026349329], [0.20903398368606715, 0.7309, 0.05594662284497904], [-0.6358272067901235, 0.66794, 0.13977030485936134], [0.07128451181697765, 0.69061, 0.06639476115036887], [-0.9224757954235969, 0.70023, 0.17396210193214284], [-0.03880918796810218, 0.65247, 0.07410855430480776], [-0.6063580531134316, 0.715544075051209, 0.14171402142530112], [-0.9414964810483207, 0.66922, 0.17267678802291145], [0.058315372195485424, 0.6894933734965571, 0.06784989018171886]]",1
3,2,0,"[[-0.00018967592592592593, -0.2109097510460036, 0.38174165851410213], [-0.4997364660493827, -0.15846, 0.6182583414858979], [-0.33325826903292183, -0.23605, 0.1308103533675047], [-0.00018487654320987676, -0.2396, 0.3221740003445687], [-0.5965292408500916, -0.1984724496654529, 0.5356534997816177], [-0.20000652006172837, -0.20845, 0.011362146506308906], [-0.00018237654320987654, -0.23636, 0.05612893975871691], [0.33875349990922315, -0.22012328808493395, 0.13282021008907471], [0.2083166843033511, -0.19872, 0.09673455596029637], [-0.6364686496913581, -0.16337, 0.1124345533662076], [0.07056120934784182, -0.24679, 0.07542029871894225], [-0.9231714512877944, -0.20134, 0.17154730178192498], [-0.03947205062242315, -0.2066, 0.03971889658855912], [-0.6071019882986168, -0.24838256498648015, 0.08520001264334334], [-0.9421779856779504, -0.21401, 0.17305321479713137], [0.057639021886843445, -0.1815179375012038, 0.05694201629580346]]",2
4,0,0,"[[8.294881687242805e-05, 0.6435230505557292, 0.36253116632482546], [-0.4998544804526749, 0.63156, 0.6374688336751745], [-0.33321643861454053, 0.57564, 0.25512235410654027], [8.07265946502059e-05, 0.62773, 0.17618553754048358], [-0.6187273548600521, 0.577127264512227, 0.3356847492091425], [-0.19989323816872423, 0.63018, 0.23300735914383355], [7.171682098765442e-05, 0.55767, 0.0721466292840106], [0.5080460744977008, 0.6099114794402254, 0.013180179761949747], [0.3577714078115819, 0.57561, 0.028185739856955345], [-0.8224431147119342, 0.56234, 0.1791745725009791], [0.29992947752757104, 0.60359, 0.03929008356715812], [-0.8884533787940342, 0.55691, 0.18701294285918835], [0.1647026695544779, 0.59139, 0.055208298838958655], [-0.649539281491516, 0.6255147261009687, 0.16497229107967534], [-0.9587536156670972, 0.56245, 0.19682577338531068], [0.15022084426440369, 0.6441991304053591, 0.06400348886581396]]",0
4,1,0,"[[8.641460905349795e-05, 0.6683609520447071, 0.35138206776124714], [-0.49984134130658436, 0.73373, 0.6486179322387529], [-0.33319721793552814, 0.7251, 0.26888988382659307], [9.083847736625502e-05, 0.70636, 0.1794473514374254], [-0.618711499664579, 0.6905745190827935, 0.33266057919299075], [-0.19988913837448555, 0.66206, 0.21900218554299072], [8.587577160493821e-05, 0.66777, 0.07676153625865659], [0.5080545377178654, 0.675660118559401, 0.019269084592641553], [0.3577913782333926, 0.7309, 0.04289512055008483], [-0.8224295344650207, 0.66794, 0.1713430811176512], [0.2999406683711924, 0.69061, 0.04491401993364111], [-0.8884349477240754, 0.70023, 0.182643794516617], [0.1647105244927495, 0.65247, 0.056076167316276654], [-0.6495276971293761, 0.7155517804857124, 0.15693799288249172], [-0.9587398849572206, 0.66922, 0.1871614094182586], [0.15022664673353947, 0.6888897623550354, 0.061997793413680814]]",1
4,2,0,"[[-3.1612654320987646e-05, -0.1991836194909953, 0.3683579255008197], [-0.49995607767489714, -0.15846, 0.6316420744991803], [-0.3333208226165981, -0.23605, 0.1268969084420731], [-3.081275720164613e-05, -0.2396, 0.3125355415047528], [-0.6188367864444143, -0.19759149054459155, 0.5495453241528604], [-0.20000108667695468, -0.20845, 0.011022225900313756], [-3.0396090534979414e-05, -0.23636, 0.04490639528807911], [0.5079393088084003, -0.22012328808493395, 0.13834350936026787], [0.3576718283362732, -0.19872, 0.10572332439526874], [-0.8225364416152263, -0.16337, 0.125252140646542], [0.2998201179596698, -0.24679, 0.10386464336039708], [-0.8885508903681083, -0.20134, 0.1305810333476682], [0.164600047383696, -0.2066, 0.070533931352721], [-0.649651686326907, -0.24797144398381846, 0.07624753514467217], [-0.9588534690621588, -0.21401, 0.14153214280451737], [0.15011392168209914, -0.18135084408435098, 0.06301534429986641]]",2
5,0,0,"[[1.3824802812071333e-05, 0.6431720103533378, 0.3624051301734389], [-0.4999757467421125, 0.63156, 0.6375948698265611], [-0.3333138508802012, 0.57564, 0.25349009310530596], [1.3454432441700989e-05, 0.62773, 0.17505831063433508], [-0.6450777356845864, 0.5738465632664583, 0.3399350074046211], [-0.199982206361454, 0.63018, 0.2315165888557378], [1.1952803497942413e-05, 0.55767, 0.07648140861219024], [0.6940478751613822, 0.6099114794402254, 0.011539096571199078], [0.5220190441590736, 0.57561, 0.007349865768445489], [-0.9902196857853223, 0.56234, 0.21292968391706865], [0.48340314800427575, 0.60359, 0.01648332662553475], [-0.8542335392141479, 0.55691, 0.19353481255343488], [0.3275985071162234, 0.59139, 0.036178344519710075], [-0.6789785969096565, 0.6255412515358733, 0.1789080017236687], [-0.9673827614870735, 0.56245, 0.20981274300230732], [0.23017251285717039, 0.6437289950346755, 0.056782716706440924]]",0
5,1,0,"[[1.4402434842249653e-05, 0.6676628814197956, 0.35114406295606077], [-0.49997355688443074, 0.73373, 0.6488559370439393], [-0.33331064743369915, 0.7251, 0.2673858789697455], [1.5139746227709174e-05, 0.70636, 0.17844363317078962], [-0.6450750931520075, 0.6864919135402539, 0.33639326603035374], [-0.19998152306241423, 0.66206, 0.21777722182911108], [1.4312628600823027e-05, 0.66777, 0.0821392087916486], [0.6940492856980763, 0.675660118559401, 0.0022620123911697466], [0.5220223725627087, 0.7309, 0.02569359329534738], [-0.9902174224108367, 0.66794, 0.20396642260730402], [0.4834050131448794, 0.69061, 0.02548784533002021], [-0.8542304673691548, 0.70023, 0.1912108804197771], [0.32759981627260204, 0.65247, 0.03996159127660755], [-0.6789766661826331, 0.7155574904212163, 0.17153798224870168], [-0.9673804730354274, 0.66922, 0.20131474805155752], [0.2301734799353597, 0.6884828138856977, 0.056425715587866083]]",1
5,2,0,"[[-5.268775720164608e-06, -0.19338617330463198, 0.36151802882200706], [-0.49999267961248284, -0.15846, 0.6384819711779929], [-0.3333312482138775, -0.23605, 0.12225025153778589], [-5.135459533607687e-06, -0.2396, 0.3010912482623282], [-0.6450959742819801, -0.1946669116377877, 0.5660398814694323], [-0.20000018111282575, -0.20845, 0.010618618730453607], [-5.0660150891632345e-06, -0.23636, 0.03805251451169973], [0.6940300808798322, -0.22012328808493395, 0.1471762562852685], [0.5220024475798555, -0.19872, 0.11603439341440215], [-0.9902352402692043, -0.16337, 0.13312310017853357], [0.4833849214096255, -0.24679, 0.11755621651119331], [-0.8542497911431602, -0.20134, 0.10511673644135588], [0.3275814034210931, -0.2066, 0.0860017824161816], [-0.6789973310488883, -0.24766682387653005, 0.06939401918095314], [-0.9673994037195837, -0.21401, 0.12129368629905767], [0.23015469242678632, -0.18125058795471086, 0.06625129476135459]]",2
6,0,0,"[[2.3041338020118882e-06, 0.6429249875776164, 0.3623039836885747], [-0.4999959577903521, 0.6316207300923459, 0.6376960163114253], [-0.33333008625781135, 0.57564, 0.2514472893755326], [2.2424054069501654e-06, 0.62773, 0.173647566074219], [-0.674372137199011, 0.5737057983842274, 0.34525428127544056], [-0.19999703439357563, 0.63018, 0.2296508632748078], [1.992133916323735e-06, 0.55767, 0.07512906809145597], [0.8987306262523881, 0.6099114794402254, 0.03890973310446354], [0.7027755549788938, 0.57561, 0.017131751336166522], [-1.141201197630887, 0.56234, 0.22950117422576854], [0.6252220496261418, 0.60359, 0.002914271047283089], [-0.8232446907453421, 0.55691, 0.18593452426026352], [0.4531907213292419, 0.59139, 0.018618215266059814], [-0.6991705147078663, 0.6255643613213211, 0.1784652500840217], [-0.9722566944434545, 0.56245, 0.2067557796411079], [0.29752789800657, 0.6435024984159807, 0.046640232943409556]]",0
6,1,0,"[[2.4004058070416083e-06, 0.6670302746842297, 0.3509572673732187], [-0.4999955928140718, 0.733572235828468, 0.6490427326267814], [-0.333329552350061, 0.7251, 0.265434854321057], [2.5232910379515285e-06, 0.70636, 0.17714159011578917], [-0.6743716967769146, 0.6863147593999851, 0.34123538072989995], [-0.19999692051040233, 0.66206, 0.21618817483325387], [2.3854381001371717e-06, 0.66777, 0.08385455814511052], [0.8987308613418371, 0.675660118559401, 0.028011988247430713], [0.7027761097128329, 0.7309, 0.003531642358695661], [-1.141200820401806, 0.66794, 0.22718188305164305], [0.6252223604829091, 0.69061, 0.008211017576009082], [-0.8232441787711766, 0.70023, 0.19130944855742193], [0.45319093952197165, 0.65247, 0.02502436057028761], [-0.699170192920029, 0.7155624650949546, 0.17765366602881164], [-0.9722563130348468, 0.66922, 0.20612750294203275], [0.2975280591862682, 0.6883001890493298, 0.04909393252255695]]",1
6,2,0,"[[-8.78129286694101e-07, -0.1829431811385508, 0.3478476882633739], [-0.4999987799354138, -0.15701462380216727, 0.6521523117366261], [-0.3333329858134241, -0.23605, 0.11789252060199189], [-8.559099222679478e-07, -0.2396, 0.2903585533963054], [-0.6743751769652433, -0.1945235812573882, 0.5815088184215741], [-0.2000000301854709, -0.20845, 0.010240107580128527], [-8.443358481938724e-07, -0.23636, 0.033399285747799164], [0.8987276605387964, -0.22012328808493395, 0.15810186170819782], [0.7027727888823574, -0.19872, 0.12738755632654702], [-1.1412037900448673, -0.16337, 0.1381751008366599], [0.6252190118603668, -0.24679, 0.12322128195094766], [-0.8232473994001774, -0.20134, 0.0878800860617033], [0.45318787071338684, -0.2066, 0.09323287504969965], [-0.6991736370644048, -0.2474014498035466, 0.06380123092065675], [-0.9722594681488729, -0.21401, 0.10714622238203375], [0.2975249279348393, -0.18118538669561995, 0.067654499015755]]",2
7,0,0,"[[3.8402230033531456e-07, 0.6426629974477395, 0.36211973519943447], [-0.499999326298392, 0.632062138961077, 0.6378802648005656], [-0.3333327921540797, 0.57564, 0.27159579846128207], [3.737342344916946e-07, 0.62773, 0.1875619716399094], [-0.406290995171748, 0.5736122566760605, 0.2927894084373203], [-0.19999950573226258, 0.63018, 0.24805282146148816], [3.320223193872892e-07, 0.55767, 0.06864751356757194], [1.1238951141793208, 0.6099114794402254, 0.0632698899820281], [0.9016217353536258, 0.57561, 0.04013109607885542], [-1.277081657938481, 0.56234, 0.22642745422702684], [0.7580309838763993, 0.60359, 0.01901123576344232], [-0.8126526837402961, 0.55691, 0.16858918157525654], [0.5707150769563102, 0.59139, 0.002545022872226581], [-0.7364629366518918, 0.6255836907890902, 0.1676615975118116], [-0.9775284056588148, 0.5623551030340751, 0.18956686111259385], [0.20360463319859046, 0.643068040692157, 0.05415014730918686]]",0
7,1,0,"[[4.000676345069343e-07, 0.6665502331430422, 0.3510060308182194], [-0.49999926546901197, 0.7324206471366842, 0.6489939691817806], [-0.3333327031694546, 0.7251, 0.2845754302588036], [4.205485063252543e-07, 0.70636, 0.18991531595528785], [-0.4062909217680652, 0.68619703613956, 0.2937316937989113], [-0.19999948675173368, 0.66206, 0.23177755998699737], [3.9757301668952904e-07, 0.66777, 0.07877172079516037], [1.1238951533608956, 0.675660118559401, 0.05287489110565358], [0.9016218278092824, 0.7309, 0.020138760591910443], [-1.2770815950669676, 0.66794, 0.22943946156028505], [0.7580310356858605, 0.69061, 0.007953148779856095], [-0.8126525984112685, 0.70023, 0.17846329812675168], [0.5707151133217652, 0.65247, 0.009644004584293823], [-0.7364628830205855, 0.7155666260074781, 0.17128442938035576], [-0.9775283420907136, 0.6690704444089316, 0.1942544257055288], [0.20360466006187344, 0.6879509198769871, 0.05717585937020436]]",1
7,2,0,"[[-1.4635488111568353e-07, -0.17984200424329794, 0.33677061219144266], [-0.49999979665590233, -0.1458227960752112, 0.6632293878085574], [-0.3333332754133485, -0.23605, 0.1745942643723115], [-1.426516537113246e-07, -0.2396, 0.4300097900661896], [-0.40629150179945334, -0.19442834497246916, 0.3802307421973115], [-0.20000000503091178, -0.20845, 0.01516520336418748], [-1.4072264136564544e-07, -0.23636, 0.030204768785755343], [1.123894619893722, -0.22012328808493395, 0.17175399527875188], [0.9016212743375364, -0.19872, 0.1406142052986591], [-1.2770820900074777, -0.16337, 0.14232288120082917], [0.7580304775821035, -0.24679, 0.12840746431882402], [-0.8126531351827686, -0.20134, 0.07812059103582097], [0.5707146018536677, -0.2066, 0.09933415891583487], [-0.7364634570446481, -0.24717950074830333, 0.06249794231464884], [-0.9775288679430513, -0.21397930688894853, 0.09757118209619224], [0.2036041381866353, -0.18108024165438003, 0.04917281075468348]]",2
8,0,0,"[[6.400371672255243e-08, 0.6426455566716623, 0.3620147496118673], [-0.4999998877163987, 0.6325460817230851, 0.6379852503881328], [-0.3333332431367911, 0.57564, 0.2722637163009988], [6.228903908194913e-08, 0.62773, 0.18802323056814207], [-0.39877581663424216, 0.5729175778866166, 0.29105021153804034], [-0.19999991762204372, 0.63018, 0.24866284159281882], [5.533705323121492e-08, 0.55767, 0.06295512017353774], [1.3715782945200843, 0.6099114794402254, 0.08598423912647747], [1.1203548701779864, 0.57561, 0.06149601407459889], [-1.39937358882308, 0.56234, 0.22145700321910272], [0.8570732525930057, 0.6028824928015959, 0.028615615350432572], [-0.8067804993821819, 0.55691, 0.15394643388932341], [0.6582364913997676, 0.59139, 0.007546271660372917], [-0.7654305561404211, 0.6256301441333219, 0.15703099999674236], [-0.9810855941251687, 0.5623551030340751, 0.17423835639755822], [0.22912416463465676, 0.643068040692157, 0.04672994611185371]]",0
8,1,0,"[[6.667793908448905e-08, 0.666518309248088, 0.35108763067779547], [-0.49999987757816866, 0.7319202876172763, 0.6489123693222045], [-0.33333322830602025, 0.7251, 0.28521881378546426], [7.009141772087572e-08, 0.70636, 0.19034468677495092], [-0.39877580440029503, 0.6853227753029327, 0.29213492420710546], [-0.19999991445862225, 0.66206, 0.23230157523247943], [6.626216944825486e-08, 0.66777, 0.07346465118612235], [1.3715783010503466, 0.675660118559401, 0.07656137832472344], [1.1203548855872625, 0.7309, 0.042845845368102924], [-1.3993735783444945, 0.66794, 0.2274353235332085], [0.8570732612279159, 0.6898679613723198, 0.018313441207154495], [-0.8067804851606772, 0.70023, 0.16579362746455154], [0.6582364974606768, 0.65247, 0.0006344007166405349], [-0.7654305472018701, 0.7155766256776233, 0.16293177521252958], [-0.9810855835304851, 0.6690704444089316, 0.18154177190439533], [0.2291241691118706, 0.6879509198769871, 0.05047778508257143]]",1
8,2,0,"[[-2.4392480185947255e-08, -0.17963555779498636, 0.33237167861348726], [-0.4999999661093171, -0.1391696747704706, 0.6676283213865128], [-0.33333332368000257, -0.23605, 0.17675408675557558], [-2.37752756185541e-08, -0.2396, 0.435329236114126], [-0.3987759010721931, -0.1937212262833758, 0.37256387226734183], [-0.20000000083848526, -0.20845, 0.015352804862956513], [-2.3453773560940902e-08, -0.23636, 0.027315878278552193], [1.371578212139151, -0.22012328808493395, 0.18395129780953676], [1.1203547933419715, -0.19872, 0.15244411097742996], [-1.3993736608345795, -0.16337, 0.14284366602396886], [0.8570731682106231, -0.2465788594139457, 0.12757232582108144], [-0.8067805746225939, -0.20134, 0.06997014165828114], [0.6582364122159939, -0.2066, 0.09994825059703637], [-0.7654306428725473, -0.24664613394023263, 0.05989374902995823], [-0.9810856711725414, -0.21397930688894853, 0.08865368993373207], [0.22912408213266425, -0.18108024165438003, 0.04740688987042298]]",2
9,0,0,"[[1.0667286120425404e-08, 0.6426455566716623, 0.36191138960057767], [-0.49999998128606643, 0.63305306764361, 0.6380886103994224], [-0.33333331830057633, 0.57564, 0.2693732632523656], [1.0381506513658191e-08, 0.62773, 0.18602710590124474], [-0.43470068360005054, 0.5728166859059328, 0.29857668662340325], [-0.19999998627034057, 0.63018, 0.24602294422298654], [9.222842205202485e-09, 0.55767, 0.05813029159229291], [1.6440301668317803, 0.6099114794402254, 0.10779425436777965], [1.3609617078868081, 0.57561, 0.08186333232373624], [-1.5094362460538466, 0.56234, 0.21595739288259547], [0.9260794139379598, 0.6021354497105142, 0.033689335230691175], [-0.8037016472791982, 0.55691, 0.1418271614185079], [0.719170953093176, 0.59139, 0.013319605117886997], [-0.7858609680709198, 0.6256759595276519, 0.14713072478226522], [-0.9833673028027996, 0.5623551030340751, 0.16112269919136277], [0.26733866020357494, 0.643068040692157, 0.039165203092881684]]",0
9,1,0,"[[1.1112989847414841e-08, 0.666518309248088, 0.35118808447646827], [-0.49999997959636144, 0.731377259153588, 0.6488119155235318], [-0.3333333158287812, 0.7251, 0.2824938709874438], [1.1681902953479287e-08, 0.70636, 0.18852615882973967], [-0.4347006815610594, 0.6851939212698809, 0.29889777345485147], [-0.19999998574310368, 0.66206, 0.23008219672796507], [1.1043694908042478e-08, 0.66777, 0.06796703616002481], [1.6440301679201574, 0.675660118559401, 0.09856274353397788], [1.360961710455021, 0.7309, 0.06412900814017504], [-1.5094362443074156, 0.66794, 0.22161794087530448], [0.9260794153771116, 0.6890893521226553, 0.024042099377434345], [-0.8037016449089474, 0.70023, 0.1530733309106836], [0.7191709541033275, 0.65247, 0.006788963616850505], [-0.7858609665811613, 0.7155864880209798, 0.1528194809781289], [-0.9833673010370191, 0.6690704444089316, 0.1681885946573496], [0.26733866094977726, 0.6879509198769871, 0.04281080175007086]]",1
9,2,0,"[[-4.065413364324544e-09, -0.17963555779498636, 0.32795642722421725], [-0.49999999435155285, -0.13189341279203826, 0.6720435727757829], [-0.3333333317244449, -0.23605, 0.16589005959708078], [-3.962545936425682e-09, -0.2396, 0.4085721255383986], [-0.43470069767304237, -0.19360146893389146, 0.4111286560131036], [-0.2000000001397475, -0.20845, 0.014409158851416888], [-3.908962260156816e-09, -0.23636, 0.024974445066601417], [1.6440301531016248, -0.22012328808493395, 0.19697156237343086], [1.3609616950808057, -0.19872, 0.1648002431011055], [-1.5094362580557632, -0.16337, 0.14222905048987722], [0.9260793998742294, -0.24635309910829042, 0.12390628601639013], [-0.8037016598192669, -0.20134, 0.06364718409281424], [0.7191709398958803, -0.2066, 0.09781949511363319], [-0.7858609825262741, -0.2461201629939558, 0.05697491892799418], [-0.9833673156440285, -0.21397930688894853, 0.08129564595251823], [0.26733864645324285, -0.18108024165438003, 0.04738116886563512]]",2
10,0,0,"[[1.7778810200709002e-09, 0.6426455566716623, 0.36179060114462414], [-0.49999999688101104, 0.6336459075958911, 0.6382093988553759], [-0.33333333082787386, 0.57564, 0.2661468335021685], [1.7302510856096996e-09, 0.62773, 0.1837989583056887], [-0.4774242271701559, 0.5710001499179703, 0.30697801427721666], [-0.1999999977117234, 0.63018, 0.24307619391492621], [1.5371403675337458e-09, 0.55767, 0.057246791392479165], [1.689438812217063, 0.6099114794402254, 0.11081728655351154], [1.4010628475049451, 0.57561, 0.08473564490773056], [-1.5277800222589744, 0.56234, 0.21455818894563], [0.9645629213089594, 0.5724804205768043, 0.03720445768767969], [-0.7980036341335042, 0.55691, 0.13908666125461702], [0.7531105509295517, 0.59139, 0.016601184694280135], [-0.7951750160734361, 0.6258706063770278, 0.14585536181655132], [-0.984413876014819, 0.5623551030340751, 0.15878128879093217], [0.3010132131063173, 0.643068040692157, 0.03511313395658868]]",0
10,1,0,"[[1.8521649745691397e-09, 0.666518309248088, 0.35133730075073444], [-0.4999999965993936, 0.7305712050653852, 0.6486626992492655], [-0.333333330415908, 0.7251, 0.27948006139470916], [1.946983825579881e-09, 0.70636, 0.18651485166765355], [-0.47742422683032404, 0.682873935215028, 0.3063775414528739], [-0.19999999762385057, 0.66206, 0.2276275454847633], [1.8406158180070814e-09, 0.66777, 0.06695803528183589], [1.6894388123984592, 0.675660118559401, 0.10165270937171891], [1.4010628479329807, 0.7309, 0.06719796897158871], [-1.5277800219679025, 0.66794, 0.22016727182293852], [0.964562921548818, 0.6637006974355524, 0.027622039072872136], [-0.7980036337384624, 0.70023, 0.15022954128638308], [0.7531105510979103, 0.65247, 0.010091339218251135], [-0.7951750158251429, 0.7156283882182799, 0.15148572465938143], [-0.9844138757205223, 0.6690704444089316, 0.16579669908854608], [0.30101321323068436, 0.6879509198769871, 0.03879867122648405]]",1
10,2,0,"[[-6.775688940540907e-10, -0.17963555779498636, 0.32219056509275834], [-0.49999999905859216, -0.12209111949860237, 0.6778094349072417], [-0.3333333330651853, -0.23605, 0.15409724417765397], [-6.604243227376137e-10, -0.2396, 0.3795274939691541], [-0.47742422951565455, -0.19144625205286564, 0.45299042327205924], [-0.2000000000232912, -0.20845, 0.013384838581132586], [-6.51493710026136e-10, -0.23636, 0.024419908170772196], [1.6894388099287037, -0.22012328808493395, 0.19728943648846234], [1.4010628453706113, -0.19872, 0.1652841017296012], [-1.5277800242592938, -0.16337, 0.14096618544394823], [0.9645629189650042, -0.23860379059889944, 0.12510770877210134], [-0.7980036362235157, -0.20134, 0.061645249812061154], [0.7531105487300024, -0.2066, 0.09915401732571617], [-0.7951750184826618, -0.24388618818279928, 0.05672647312873473], [-0.9844138781550238, -0.21397930688894853, 0.0795986695454554], [0.3010132108145953, -0.18108024165438003, 0.04980824958314719]]",2
11,0,0,"[[2.963135033451501e-10, 0.6426455566716623, 0.36174930331175686], [-0.4999999994801685, 0.6338486916579728, 0.6382506966882432], [-0.3333333329157568, 0.57564, 0.2694571707625095], [0.0833333336217086, 0.62773, 0.16138161614080213], [-0.5205290962744149, 0.5692708525747266, 0.3230616347919121], [-0.19999999961862053, 0.63018, 0.24609957830477625], [2.5619006125562437e-10, 0.55767, 0.05695869602409024], [1.6970069197812767, 0.6099114794402254, 0.11103257977658097], [1.4077463707746347, 0.57561, 0.08499184574267243], [-1.5308373182931623, 0.5621612945679937, 0.21379068383085276], [0.9835992471675175, 0.5723484364800038, 0.041990410608995686], [-0.7905823473818645, 0.55691, 0.13762871778035493], [0.7698548975720327, 0.59139, 0.018227854925754676], [-0.7974128588385662, 0.6258706063770278, 0.14536978910210543], [-0.9847360004656021, 0.5623551030340751, 0.15801511992091083], [0.32981890063058206, 0.643068040692157, 0.031994302287681846]]",0
11,1,0,"[[3.0869416242818995e-10, 0.666518309248088, 0.3513774008353947], [-0.49999999943323226, 0.7303547043901644, 0.6486225991646053], [-0.3333333328470958, 0.7251, 0.28264727361930614], [0.0833333336578307, 0.70636, 0.16637494603467737], [-0.5205290962177762, 0.6806653658568623, 0.3207706420948978], [-0.19999999960397505, 0.66206, 0.23020713825111863], [3.0676930300118016e-10, 0.66777, 0.06665824167401546], [1.6970069198115094, 0.675660118559401, 0.10195304063093842], [1.4077463708459739, 0.7309, 0.06756426461919203], [-1.5308373182446502, 0.6676595388686432, 0.21948669442207236], [0.9835992472074939, 0.6635866618475212, 0.03193296322335714], [-0.7905823473160242, 0.70023, 0.14881610402331646], [0.7698548976000925, 0.65247, 0.01171761366443705], [-0.7974128587971839, 0.7156283882182799, 0.15103504073654617], [-0.9847360004165526, 0.6690704444089316, 0.165086526396611], [0.3298189006513099, 0.6879509198769871, 0.03574951060951404]]",1
11,2,0,"[[-1.1292814900901516e-10, -0.17963555779498636, 0.32045111387892067], [-0.4999999998430987, -0.1190646938210233, 0.6795488861210793], [-0.333333333288642, -0.23605, 0.12803838602114098], [0.0833333332232627, -0.2396, 0.42502514439604727], [-0.5205290966653313, -0.18939757833385515, 0.4358150952958974], [-0.20000000000388182, -0.20845, 0.011121374286914315], [-1.0858228500435603e-10, -0.23636, 0.024240791531360762], [1.6970069193998836, -0.22012328808493395, 0.19661852140575037], [1.4077463704189124, -0.19872, 0.16475721951834638], [-1.530837318626549, -0.1633312644597861, 0.14024577006263014], [0.9835992467768583, -0.2385689838332951, 0.12534764364373077], [-0.7905823477301998, -0.20134, 0.06043197207369776], [0.7698548972054412, -0.2066, 0.10014401596635332], [-0.7974128592401037, -0.24388618818279928, 0.05676901610387684], [-0.984736000822303, -0.21397930688894853, 0.07904786066856691], [0.3298189002486284, -0.18108024165438003, 0.05239718902568681]]",2
12,0,0,"[[4.9385583890858385e-11, 0.6426455566716623, 0.3616400040477649], [-0.4999999999133614, 0.6343856054742953, 0.6383599959522351], [-0.33333333326373726, 0.57564, 0.2746105188786704], [0.1888888889369516, 0.62773, 0.13257857057435812], [-0.5627802796220843, 0.5692708525747266, 0.34200469632430147], [-0.19999999993643672, 0.63018, 0.25080621422267013], [4.269834354260406e-11, 0.55767, 0.05706638515731659], [1.6982682710419792, 0.6097056403802119, 0.1113715779275959], [1.408860291319583, 0.57561, 0.0852665233211941], [-1.5313468676321935, 0.5621612945679937, 0.21422874302589184], [0.9911617533303508, 0.5704485602350154, 0.04285717727370148], [-0.7823616053663806, 0.55691, 0.13704769714696377], [0.7764413073266273, 0.59139, 0.01893630494481472], [-0.7955832251957582, 0.6258706063770278, 0.1454574064268955], [-0.9846569430847768, 0.5623551030340751, 0.1583057816873531], [0.3551525141753615, 0.643068040692157, 0.02946240308827271]]",0
12,1,0,"[[5.144902707136501e-11, 0.666518309248088, 0.35145281446436555], [-0.49999999990553873, 0.7299476794045623, 0.6485471855356344], [-0.33333333325229375, 0.7251, 0.2875075874350252], [0.18888888894297196, 0.70636, 0.14056328918721314], [-0.5627802796126445, 0.6806653658568623, 0.3377634154217533], [-0.1999999999339958, 0.66206, 0.23416570795600836], [5.1128217166863326e-11, 0.66777, 0.06678220726385276], [1.6982682710470178, 0.6754319792010065, 0.10226878954484686], [1.4088602913314727, 0.7309, 0.06780131586598226], [-1.5313468676241082, 0.6676595388686432, 0.21991778849631305], [0.9911617533370135, 0.6617693127857392, 0.032760063578779766], [-0.7823616053554072, 0.70023, 0.14827072178156225], [0.776441307331304, 0.65247, 0.012398097461107607], [-0.7955832251888612, 0.7156283882182799, 0.15113294576549435], [-0.9846569430766019, 0.6690704444089316, 0.165385634511021], [0.3551525141788161, 0.6879509198769871, 0.03328243573104015]]",1
12,2,0,"[[-1.8821358168169193e-11, -0.17963555779498636, 0.3167033845008547], [-0.4999999999738498, -0.112431143249417, 0.6832966154991453], [-0.33333333332588483, -0.23605, 0.10718687261574239], [0.18888888887054395, -0.2396, 0.4721094804058027], [-0.5627802796872371, -0.18939757833385515, 0.41139342864434814], [-0.20000000000064694, -0.20845, 0.009310218334106838], [-1.8097047500726005e-11, -0.23636, 0.024160899076422927], [1.6982682709784136, -0.22002237071283973, 0.196099445130902], [1.4088602912602959, -0.19872, 0.16432808079776798], [-1.531346867687758, -0.1633312644597861, 0.13983959606995067], [0.9911617532652409, -0.2379986352595304, 0.12570401181455312], [-0.7823616054244364, -0.20134, 0.05939247068436225], [0.7764413072655287, -0.2066, 0.1004872305576909], [-0.7955832252626811, -0.24388618818279928, 0.056394890991154016], [-0.9846569431442269, -0.21397930688894853, 0.07877925449080062], [0.3551525141117025, -0.18108024165438003, 0.05481412038639549]]",2
13,0,0,"[[8.230930648476397e-12, 0.6426455566716623, 0.36157667529641213], [-0.4999999999855602, 0.6346968455859022, 0.6384233247035879], [-0.33333333332173404, 0.57564, 0.28117833828309696], [0.30731481482282563, 0.62773, 0.09911600926679738], [-0.6038895043973374, 0.5692708525747266, 0.3629009428775533], [-0.1999999999894061, 0.63018, 0.25680470957255225], [7.1163905904340125e-12, 0.55767, 0.057253370391965853], [1.6984784962520962, 0.6094880095284653, 0.111779216365856], [1.409045944743741, 0.57561, 0.08556497004142288], [-1.5314317925220322, 0.5621612945679937, 0.21493940944779902], [0.9920127692835643, 0.5693636672063582, 0.04328002547198287], [-0.7738035440003983, 0.55691, 0.13661813513589144], [0.7770615747147736, 0.59139, 0.019062032095217864], [-0.7914206363940324, 0.6258706063770278, 0.14550666250057667], [-0.9843502203234599, 0.5623551030340751, 0.1587930008186639], [0.3780985546866312, 0.643068040692157, 0.027203177730623425]]",0
13,1,0,"[[8.5748378452275e-12, 0.666518309248088, 0.35150914221088425], [-0.4999999999842565, 0.7296437793276641, 0.6484908577891159], [-0.3333333333198268, 0.7251, 0.29367533500305765], [0.307314814823829, 0.70636, 0.11071999033741502], [-0.603889504395764, 0.6806653658568623, 0.3564155341442351], [-0.19999999998899926, 0.66206, 0.23918914051529228], [8.521369527810554e-12, 0.66777, 0.06699645073975373], [1.698478496252936, 0.6751907705456566, 0.1026408577579419], [1.4090459447457226, 0.7309, 0.06803745508498485], [-1.5314317925206846, 0.6676595388686432, 0.22063182541522475], [0.9920127692846747, 0.6607437286723522, 0.03313287429165622], [-0.7738035439985694, 0.70023, 0.14788776932252867], [0.7770615747155529, 0.65247, 0.012500102277918155], [-0.7914206363928828, 0.7156283882182799, 0.15120016733462735], [-0.9843502203220974, 0.6690704444089316, 0.1658854337843222], [0.378098554687207, 0.6879509198769871, 0.03108706399104211]]",1
13,2,0,"[[-3.136893028028199e-12, -0.17963555779498636, 0.314266351022627], [-0.49999999999564165, -0.10803265723096349, 0.685733648977373], [-0.3333333333320919, -0.23605, 0.09116266522309507], [0.30731481481175765, -0.2396, 0.5125051790529882], [-0.6038895044081962, -0.18939757833385515, 0.38841379504752316], [-0.20000000000010779, -0.20845, 0.007918360676393597], [-3.0161745834543342e-12, -0.23636, 0.024133270820936116], [1.6984784962415018, -0.21991568420868202, 0.19588636399137196], [1.40904594473386, -0.19872, 0.1641591257464697], [-1.5314317925312928, -0.1633312644597861, 0.1396883590905259], [0.9920127692727128, -0.23766500430875748, 0.1255889251091362], [-0.7738035440100743, -0.20134, 0.058450743539026496], [0.7770615747045905, -0.2066, 0.10043565399728083], [-0.7914206364051861, -0.24388618818279928, 0.0559053863721074], [-0.9843502203333683, -0.21397930688894853, 0.07865785195025962], [0.3780985546760214, -0.18108024165438003, 0.057094319382885686]]",2
14,0,0,"[[1.371821774746066e-12, 0.6426455566716623, 0.3614729557775989], [-0.49999999999759337, 0.6352068286864628, 0.638527044222401], [-0.33333333333140014, 0.57564, 0.2894607008989132], [0.4379691358038048, 0.62773, 0.06042895950764704], [-0.6437743882804787, 0.5675419550187696, 0.385741214713803], [-0.1999999999982343, 0.63018, 0.2643691248796367], [1.1860650984056688e-12, 0.55767, 0.05749321763804225], [1.6985135337871156, 0.6092593561880248, 0.11227353359463266], [1.4090768869811006, 0.57561, 0.08592661094806586], [-1.5314459466703385, 0.5621612945679937, 0.21584129820387082], [0.9888932521577559, 0.5685508170732159, 0.043251574826079116], [-0.7650858025186961, 0.55691, 0.13629170009315072], [0.7741213362492281, 0.59139, 0.01883876214300481], [-0.7858712001064716, 0.6258706063770278, 0.1455441012230376], [-0.9839070905876047, 0.5623551030340751, 0.15941253577125708], [0.3993455955439942, 0.643068040692157, 0.02512666555885907]]",0
14,1,0,"[[1.4291396408712488e-12, 0.666518309248088, 0.35163677795675813], [-0.4999999999973761, 0.7289555178100358, 0.6483632220432419], [-0.3333333333310823, 0.7251, 0.3014521210974088], [0.437969135803972, 0.70636, 0.07644033190114127], [-0.6437743882802165, 0.6784573070863954, 0.3765844636582393], [-0.1999999999981665, 0.66206, 0.2455230833432106], [1.4202282546350921e-12, 0.66777, 0.06727094196570717], [1.6985135337872557, 0.6749373452415407, 0.10308921667394329], [1.409076886981431, 0.7309, 0.06831932852136037], [-1.531445946670114, 0.6676595388686432, 0.22153720217209613], [0.988893252157941, 0.6598800987184599, 0.03305768086395084], [-0.7650858025183912, 0.70023, 0.1476154578864848], [0.774121336249358, 0.65247, 0.012255117751469358], [-0.78587120010628, 0.7156283882182799, 0.15126060120689683], [-0.9839070905873776, 0.6690704444089316, 0.1665204424091991], [0.3993455955440901, 0.6879509198769871, 0.02907401054889213]]",1
14,2,0,"[[-5.228155046713666e-13, -0.17963555779498636, 0.30971705520822024], [-0.4999999999992736, -0.09963663692805859, 0.6902829447917797], [-0.3333333333331265, -0.23605, 0.07847173300385593], [0.4379691358019601, -0.2396, 0.5465481341416948], [-0.6437743882822885, -0.1873523144619189, 0.36816410259353527], [-0.20000000000001794, -0.20845, 0.006816030260914008], [-5.026957639090556e-13, -0.23636, 0.02413298303189795], [1.6985135337853499, -0.21980360769306698, 0.19587671249723174], [1.4090768869794539, -0.19872, 0.1641603274339822], [-1.531445946671882, -0.1633312644597861, 0.13968813848191397], [0.9888932521559473, -0.23741886355894606, 0.1252348518825521], [-0.7650858025203087, -0.20134, 0.05755994198068725], [0.774121336247531, -0.2066, 0.10013425015540822], [-0.7858712001083306, -0.24388618818279928, 0.05533810753244912], [-0.9839070905892561, -0.21397930688894853, 0.0786116692328052], [0.3993455955422259, -0.18108024165438003, 0.059263017771072284]]",2
15,0,0,"[[2.2863696245767746e-13, 0.6426455566716623, 0.3613642181342344], [-0.4999999999995989, 0.6357417999673409, 0.6386357818657655], [-0.3333333333330112, 0.57564, 0.2996592447724143], [0.5817531893006348, 0.62773, 0.015157074323288822], [-0.6824147411830374, 0.5658116662350449, 0.4115000614818392], [-0.1999999999997057, 0.63018, 0.2736836194224578], [1.976775164009448e-13, 0.55767, 0.05776331446607189], [1.6985193733762856, 0.6092593561880248, 0.11282527105310791], [1.4090820440206606, 0.57561, 0.08633081890268834], [-1.5314483056950563, 0.56196620064321, 0.21685554128646778], [0.9833724087190034, 0.5682919144334584, 0.042967113248983425], [-0.7562505912595578, 0.55691, 0.13601683464666492], [0.7689939708894931, 0.59139, 0.018396173401682904], [-0.779445152051735, 0.6258706063770278, 0.14556224304387133], [-0.9833759171611206, 0.5623551030340751, 0.1601064195662827], [0.4193151133435715, 0.643068040692157, 0.023176270384178924]]",0
15,1,0,"[[2.3818994014520807e-13, 0.666518309248088, 0.35177531897349884], [-0.4999999999995627, 0.7282090161169413, 0.6482246810265012], [-0.33333333333295817, 0.7251, 0.3109598210466319], [0.5817531893006627, 0.70636, 0.03660855184354663], [-0.6824147411829936, 0.6762474715115923, 0.399164827124189], [-0.19999999999969437, 0.66206, 0.25326679998563234], [2.367047091058486e-13, 0.66777, 0.06757920231869957], [1.6985193733763089, 0.6749373452415407, 0.1035878475659716], [1.4090820440207157, 0.7309, 0.0686329148685946], [-1.5314483056950188, 0.6673533881499774, 0.22255260635916518], [0.9833724087190343, 0.6595828022094521, 0.03273784726190163], [-0.756250591259507, 0.70023, 0.14739775154622148], [0.7689939708895147, 0.65247, 0.01179237911814482], [-0.7794451520517031, 0.7156283882182799, 0.15130340874743617], [-0.9833759171610827, 0.6690704444089316, 0.16722974525566972], [0.4193151133435875, 0.6879509198769871, 0.027186296958195313]]",1
15,2,0,"[[-8.713591744522779e-14, -0.17963555779498636, 0.30496958101595767], [-0.49999999999987893, -0.0906077695266108, 0.6950304189840423], [-0.3333333333332989, -0.23605, 0.06830769379656446], [0.5817531893003274, -0.2396, 0.5767148413936433], [-0.682414741183339, -0.18530835191701803, 0.3490442798252354], [-0.20000000000000295, -0.20845, 0.005933184984556848], [-8.378262731817591e-14, -0.23636, 0.02414978959951], [1.6985193733759913, -0.21980360769306698, 0.19600226932111603], [1.4090820440203862, -0.19872, 0.16427517803675837], [-1.5314483056953136, -0.16328897660941633, 0.13978566040511867], [0.983372408718702, -0.23734314041586363, 0.12473283284157125], [-0.7562505912598266, -0.20134, 0.056697300835459714], [0.7689939708892102, -0.2066, 0.09968010294268599], [-0.7794451520520448, -0.24388618818279928, 0.05472007232856], [-0.9833759171613958, -0.21397930688894853, 0.07861214358039594], [0.4193151133432768, -0.18108024165438003, 0.06134465010882412]]",2
16,0,0,"[[3.810616040961292e-14, 0.6426455566716623, 0.3613263760282169], [-0.49999999999993316, 0.6359280524176347, 0.6386736239717831], [-0.3333333333332797, 0.57564, 0.28987737135956465], [0.73992636488344, 0.62773, 0.03578013362531215], [-0.7198167525955295, 0.5645503147637748, 0.4095928182861214], [-0.1999999999999509, 0.63018, 0.26474967672900196], [3.294625273349079e-14, 0.55767, 0.05805813117195639], [1.6985203466411471, 0.6092593561880248, 0.113401218398383], [1.4090829035272538, 0.5745252002771545, 0.0867715300469086], [-1.5314486988658427, 0.5617947904012385, 0.2179420747629094], [0.976349357225395, 0.5682919144334584, 0.04248220728981072], [-0.7472838118192799, 0.55691, 0.1357775304396185], [0.7624644655522994, 0.59139, 0.017810288810960466], [-0.7724173844486351, 0.6258706063770278, 0.14557352482208563], [-0.9827825057021542, 0.5623551030340751, 0.16086180351594373], [0.4382652501829036, 0.643068040692157, 0.021321690741423496]]",0
16,1,0,"[[3.9698323357534686e-14, 0.666518309248088, 0.3518633474978019], [-0.4999999999999271, 0.7277349967239176, 0.6481366525021981], [-0.33333333333327086, 0.7251, 0.31609414307851713], [0.7399263648834447, 0.70636, 0.010024373770126193], [-0.7198167525955221, 0.6745985415585453, 0.4164329425577751], [-0.19999999999994902, 0.66206, 0.2574485405935815], [3.945078485097476e-14, 0.66777, 0.067916660465151], [1.6985203466411511, 0.6749373452415407, 0.1041052146157534], [1.4090829035272632, 0.7295008826188641, 0.06897572216801312], [-1.5314486988658365, 0.6670844323462296, 0.22363282982752636], [0.9763493572254001, 0.6595828022094521, 0.032217270263316694], [-0.7472838118192714, 0.70023, 0.14722180402826088], [0.762464465552303, 0.65247, 0.011187170387950867], [-0.7724173844486297, 0.7156283882182799, 0.15134417463921374], [-0.982782505702148, 0.6690704444089316, 0.16800445655099636], [0.43826525018290624, 0.6879509198769871, 0.025394697053817538]]",1
16,2,0,"[[-1.452265290753796e-14, -0.17963555779498636, 0.30260690200790363], [-0.4999999999999798, -0.08600878787322648, 0.6973930979920964], [-0.3333333333333276, -0.23605, 0.059992168905528796], [0.7399263648833888, -0.2396, 0.6040491121758407], [-0.7198167525955796, -0.1834759134734616, 0.33074781783329504], [-0.20000000000000046, -0.20845, 0.005210901085335488], [-1.396377121969599e-14, -0.23636, 0.024177510367748827], [1.6985203466410983, -0.21980360769306698, 0.19622735359036195], [1.409082903527208, -0.19807677856524775, 0.16446383215995955], [-1.5314486988658855, -0.1632518223480913, 0.13995048176338676], [0.9763493572253447, -0.23734314041586363, 0.12414986861135986], [-0.7472838118193247, -0.20134, 0.05584516064677111], [0.7624644655522522, -0.2066, 0.09912661263711263], [-0.7724173844486867, -0.24388618818279928, 0.05406400608139253], [-0.9827825057022002, -0.21397930688894853, 0.07864167926073343], [0.43826525018285445, -0.18108024165438003, 0.0633534948811733]]",2
17,0,0,"[[6.3510267349354885e-15, 0.6426455566716623, 0.3612866889358403], [-0.49999999999998884, 0.6361234274958878, 0.6387133110641597], [-0.33333333333332443, 0.57564, 0.2718020750664668], [0.9139186441472412, 0.62773, 0.08557640195496703], [-0.7560000250860694, 0.5629052152334699, 0.3943803057679265], [-0.1999999999999918, 0.63018, 0.24824121721063985], [5.491042122248461e-15, 0.55767, 0.05836147728322048], [1.6985205088519575, 0.6092593561880248, 0.11399374184856864], [1.4090830467783528, 0.5734565549798041, 0.08733844173097632], [-1.531448764394307, 0.56160649741627, 0.219062861856383], [0.9683389855579767, 0.5680124357694337, 0.04186586700674716], [-0.7381520415416458, 0.55691, 0.13553128896622488], [0.7549815678805424, 0.59139, 0.01712024238812701], [-0.7649356984989869, 0.6258706063770278, 0.1455511513392905], [-0.9821405456849626, 0.5623551030340751, 0.16163510268931422], [0.4563562805671414, 0.643068040692157, 0.019539824891147656]]",0
17,1,0,"[[6.616387226255785e-15, 0.666518309248088, 0.3519593268902473], [-0.49999999999998784, 0.7272184333952761, 0.6480406731097527], [-0.33333333333332293, 0.7251, 0.2976053276920901], [0.913918644147242, 0.70636, 0.058360367499228245], [-0.7560000250860682, 0.6724479483630326, 0.4016443113054758], [-0.19999999999999146, 0.66206, 0.2423899935032058], [6.575130808495787e-15, 0.66777, 0.0682617752988711], [1.6985205088519582, 0.6749373452415407, 0.10463423621019607], [1.4090830467783544, 0.7281226003624214, 0.06946925586201255], [-1.531448764394306, 0.6667890145541177, 0.22474172104618764], [0.9683389855579775, 0.6593401550532835, 0.031562132485547865], [-0.7381520415416445, 0.70023, 0.14703642229157973], [0.7549815678805429, 0.65247, 0.010479089525130904], [-0.764935698498986, 0.7156283882182799, 0.15134841787303013], [-0.9821405456849615, 0.6690704444089316, 0.1687925387136543], [0.45635628056714184, 0.6879509198769871, 0.02367441069378965]]",1
17,2,0,"[[-2.4204421512563272e-15, -0.17963555779498636, 0.2999887083803162], [-0.4999999999999966, -0.08082782678115963, 0.7000112916196839], [-0.3333333333333324, -0.23605, 0.05303963347103698], [0.9139186441472327, -0.2396, 0.6289073779774953], [-0.7560000250860778, -0.18108900092268704, 0.31344598252614375], [-0.20000000000000004, -0.20845, 0.0046070060253239455], [-2.3272952032826654e-15, -0.23636, 0.02421531784270059], [1.6985205088519493, -0.21980360769306698, 0.19653421986569572], [1.409083046778345, -0.19744356244969616, 0.16465512774883506], [-1.5314487643943142, -0.1632110086447284, 0.14017314191513208], [0.9683389855579683, -0.23726125409740123, 0.12352333684938062], [-0.7381520415416534, -0.20134, 0.0549969292931133], [0.7549815678805345, -0.2066, 0.09851499110640441], [-0.7649356984989956, -0.24388618818279928, 0.05338204224103198], [-0.9821405456849701, -0.21397930688894853, 0.07869888539468808], [0.45635628056713323, -0.18108024165438003, 0.06530600774301816]]",2
18,0,0,"[[1.0585044558225817e-15, 0.6426455566716623, 0.36122579742206445], [-0.4999999999999981, 0.6364232730132249, 0.6387742025779356], [-0.33333333333333187, 0.57564, 0.254771707116972], [1.1053104490245416, 0.62773, 0.13385869730355787], [-0.7909912763173591, 0.5600703752031461, 0.37868248798441667], [-0.1999999999999986, 0.63018, 0.2326871075950535], [9.151736870414099e-16, 0.55767, 0.058674226919135215], [1.6985205358870925, 0.6087336147327321, 0.11460461855912657], [1.409083070653536, 0.5734565549798041, 0.08791891226045317], [-1.5314487753157178, 0.5614257671553672, 0.22021697424385261], [0.9596344883796907, 0.5680124357694337, 0.04120379647711328], [-0.7288184389702769, 0.5563439084444934, 0.13527556114642644], [0.7468006938999484, 0.59139, 0.016351251312686447], [-0.7570787682797115, 0.6258706063770278, 0.1455044837023433], [-0.9814570715840691, 0.5623551030340751, 0.16242936836134048], [0.4736899343021307, 0.643068040692157, 0.017820807017522627]]",0
18,1,0,"[[1.102731204375964e-15, 0.666518309248088, 0.3520134271086594], [-0.499999999999998, 0.72692738889668, 0.6479865728913405], [-0.33333333333333165, 0.7251, 0.2800634141818853], [1.1053104490245416, 0.70636, 0.10556302539275925], [-0.7909912763173589, 0.668828064375677, 0.38627089280689175], [-0.19999999999999854, 0.66206, 0.22810266761846376], [1.0958551347492981e-15, 0.66777, 0.06861787644321728], [1.6985205358870927, 0.6743501028847595, 0.1051800843180597], [1.4090830706535362, 0.7281226003624214, 0.06997328633084883], [-1.5314487753157175, 0.6665054919936391, 0.22588377593797207], [0.9596344883796908, 0.6593401550532835, 0.030857270408658304], [-0.7288184389702766, 0.6995297035254885, 0.14684437638204043], [0.7468006938999485, 0.65247, 0.009693115741691943], [-0.7570787682797113, 0.7156283882182799, 0.1513306044021462], [-0.981457071584069, 0.6690704444089316, 0.16960284702597936], [0.4736899343021308, 0.6879509198769871, 0.022016763009385674]]",1
18,2,0,"[[-4.0340702520938787e-16, -0.17963555779498636, 0.29798284642067535], [-0.49999999999999944, -0.0767969717732027, 0.7020171535793247], [-0.3333333333333332, -0.23605, 0.047136288176397104], [1.10531044902454, -0.2396, 0.6516438563988531], [-0.7909912763173604, -0.17776161642895597, 0.2971256121310316], [-0.19999999999999996, -0.20845, 0.00409424329371826], [-3.878825338804441e-16, -0.23636, 0.024260305135120664], [1.6985205358870912, -0.21946948300663055, 0.19689934452243926], [1.4090830706535347, -0.19744356244969616, 0.16489603285996993], [-1.5314487753157189, -0.16317183420995898, 0.14043774630578065], [0.9596344883796892, -0.23726125409740123, 0.12285097278482429], [-0.7288184389702781, -0.20114808783979682, 0.05414108936205827], [0.7468006938999471, -0.2066, 0.0978583167627709], [-0.757078768279713, -0.24388618818279928, 0.0526747697843586], [-0.9814570715840705, -0.21397930688894853, 0.07877493973567451], [0.47368993430212936, -0.18108024165438003, 0.06720648274700285]]",2
